paper_id,abstract_id
paper_0071ac36c05b,abs_paper_0071ac36c05b
paper_0084400f9877,abs_paper_0084400f9877
paper_00b8d8cbe76b,abs_paper_00b8d8cbe76b
paper_012d970ef9c8,abs_paper_012d970ef9c8
paper_01578539cdac,abs_paper_01578539cdac
paper_015d4b88de30,abs_paper_015d4b88de30
paper_01ae3975ac19,abs_paper_01ae3975ac19
paper_02aef7f4ccb1,abs_paper_02aef7f4ccb1
paper_02ccc5e73791,abs_paper_02ccc5e73791
paper_02e11839c4f3,abs_paper_02e11839c4f3
paper_0315438cd092,abs_paper_0315438cd092
paper_0388a924e4e5,abs_paper_0388a924e4e5
paper_04054d0d7a96,abs_paper_04054d0d7a96
paper_045b20b7a2a8,abs_paper_045b20b7a2a8
paper_047482ae7c53,abs_paper_047482ae7c53
paper_048ec457c420,abs_paper_048ec457c420
paper_04d56d1f2a09,abs_paper_04d56d1f2a09
paper_04e41542ccdd,abs_paper_04e41542ccdd
paper_05066e8f69b7,abs_paper_05066e8f69b7
paper_05392f02d837,abs_paper_05392f02d837
paper_05603d582718,abs_paper_05603d582718
paper_0566b42a5188,abs_paper_0566b42a5188
paper_057cde300140,abs_paper_057cde300140
paper_05c230eaaa5d,abs_paper_05c230eaaa5d
paper_06107d4c5bde,abs_paper_06107d4c5bde
paper_0654d98a5150,abs_paper_0654d98a5150
paper_06d3539a9066,abs_paper_06d3539a9066
paper_078fe939a99f,abs_paper_078fe939a99f
paper_07fd815c20bc,abs_paper_07fd815c20bc
paper_08477d7edb0e,abs_paper_08477d7edb0e
paper_0872b5abacce,abs_paper_0872b5abacce
paper_0875c88220e1,abs_paper_0875c88220e1
paper_087b05c0c54a,abs_paper_087b05c0c54a
paper_087dbe8b6819,abs_paper_087dbe8b6819
paper_088eb0764bfe,abs_paper_088eb0764bfe
paper_08f43cc67757,abs_paper_08f43cc67757
paper_08f64863d350,abs_paper_08f64863d350
paper_0978ab4d4a59,abs_paper_0978ab4d4a59
paper_09a1733f7089,abs_paper_09a1733f7089
paper_09a448eb6a71,abs_paper_09a448eb6a71
paper_09bab4efe29a,abs_paper_09bab4efe29a
paper_0a400618c083,abs_paper_0a400618c083
paper_0a715a098dc4,abs_paper_0a715a098dc4
paper_0aac71eb6c92,abs_paper_0aac71eb6c92
paper_0ab8e94aaed7,abs_paper_0ab8e94aaed7
paper_0aba9ad0eed1,abs_paper_0aba9ad0eed1
paper_0ad220ef1423,abs_paper_0ad220ef1423
paper_0b18520da2b0,abs_paper_0b18520da2b0
paper_0b1cf9c093b6,abs_paper_0b1cf9c093b6
paper_0b245483a230,abs_paper_0b245483a230
paper_0b50a427704f,abs_paper_0b50a427704f
paper_0b5ca3170efb,abs_paper_0b5ca3170efb
paper_0b91f3b4cd2d,abs_paper_0b91f3b4cd2d
paper_0c48b87dbd12,abs_paper_0c48b87dbd12
paper_0c6014fe12ba,abs_paper_0c6014fe12ba
paper_0caeb6c0ff29,abs_paper_0caeb6c0ff29
paper_0cbba6b25c8c,abs_paper_0cbba6b25c8c
paper_0d0639bd5948,abs_paper_0d0639bd5948
paper_0d7e2053aae0,abs_paper_0d7e2053aae0
paper_0db73407119f,abs_paper_0db73407119f
paper_0e3e7c3ced7d,abs_paper_0e3e7c3ced7d
paper_0e47400879c6,abs_paper_0e47400879c6
paper_0e66b05c7132,abs_paper_0e66b05c7132
paper_0e7eae7d4566,abs_paper_0e7eae7d4566
paper_0ecb2109b7a9,abs_paper_0ecb2109b7a9
paper_0ed2c38443c6,abs_paper_0ed2c38443c6
paper_0eedf3ead6e8,abs_paper_0eedf3ead6e8
paper_0eeef7f83d64,abs_paper_0eeef7f83d64
paper_0f1f739b9165,abs_paper_0f1f739b9165
paper_0f3aa9c5f268,abs_paper_0f3aa9c5f268
paper_0f55b29d8c56,abs_paper_0f55b29d8c56
paper_0fde13b0a107,abs_paper_0fde13b0a107
paper_102423ac7c83,abs_paper_102423ac7c83
paper_116a247dce69,abs_paper_116a247dce69
paper_11719764b130,abs_paper_11719764b130
paper_1174aec0a621,abs_paper_1174aec0a621
paper_117df1133da4,abs_paper_117df1133da4
paper_118edf2678d3,abs_paper_118edf2678d3
paper_11b43a44b514,abs_paper_11b43a44b514
paper_11bf11601993,abs_paper_11bf11601993
paper_124213143aa4,abs_paper_124213143aa4
paper_1277d0938666,abs_paper_1277d0938666
paper_12baf8feb925,abs_paper_12baf8feb925
paper_12bf40d13df9,abs_paper_12bf40d13df9
paper_12d4f094e199,abs_paper_12d4f094e199
paper_12fc36eea3c3,abs_paper_12fc36eea3c3
paper_135f73ea8336,abs_paper_135f73ea8336
paper_13a17c8cd9f9,abs_paper_13a17c8cd9f9
paper_142c339c3dbd,abs_paper_142c339c3dbd
paper_14597b8acfd4,abs_paper_14597b8acfd4
paper_14bb143c092e,abs_paper_14bb143c092e
paper_14ef645a41cb,abs_paper_14ef645a41cb
paper_14fb6250ed12,abs_paper_14fb6250ed12
paper_153795350f05,abs_paper_153795350f05
paper_15c8edb732e5,abs_paper_15c8edb732e5
paper_16248a863354,abs_paper_16248a863354
paper_16cbd1faea0b,abs_paper_16cbd1faea0b
paper_16e4f8a988a6,abs_paper_16e4f8a988a6
paper_17e5f714f75d,abs_paper_17e5f714f75d
paper_1814ef2a85e8,abs_paper_1814ef2a85e8
paper_18ebbdb9f8c0,abs_paper_18ebbdb9f8c0
paper_18f162bcdefb,abs_paper_18f162bcdefb
paper_19042e97c406,abs_paper_19042e97c406
paper_19228fb6a20f,abs_paper_19228fb6a20f
paper_198b45a68b53,abs_paper_198b45a68b53
paper_198c4d7d91d0,abs_paper_198c4d7d91d0
paper_19911de90aa4,abs_paper_19911de90aa4
paper_199cf900bed7,abs_paper_199cf900bed7
paper_1a397fa1c71b,abs_paper_1a397fa1c71b
paper_1a6d26487f8b,abs_paper_1a6d26487f8b
paper_1a7d9f8c9aa9,abs_paper_1a7d9f8c9aa9
paper_1b1a5c7d1943,abs_paper_1b1a5c7d1943
paper_1b54cbd2e8e6,abs_paper_1b54cbd2e8e6
paper_1b5c1f4fc8d4,abs_paper_1b5c1f4fc8d4
paper_1b8e7afd1b2a,abs_paper_1b8e7afd1b2a
paper_1c1978e4decc,abs_paper_1c1978e4decc
paper_1c8e70052c2a,abs_paper_1c8e70052c2a
paper_1c9e955175d9,abs_paper_1c9e955175d9
paper_1ce0358b345f,abs_paper_1ce0358b345f
paper_1cf5839fc903,abs_paper_1cf5839fc903
paper_1d55de42e64e,abs_paper_1d55de42e64e
paper_1d944eadbd01,abs_paper_1d944eadbd01
paper_1d98106cbd7a,abs_paper_1d98106cbd7a
paper_1e1853bfc408,abs_paper_1e1853bfc408
paper_1e587ae00d66,abs_paper_1e587ae00d66
paper_1e73702bea90,abs_paper_1e73702bea90
paper_1e8e500d7037,abs_paper_1e8e500d7037
paper_1e9d6c0e2d27,abs_paper_1e9d6c0e2d27
paper_1ee939777ff2,abs_paper_1ee939777ff2
paper_1f51ae372a80,abs_paper_1f51ae372a80
paper_206d1d67fef4,abs_paper_206d1d67fef4
paper_209428c1f880,abs_paper_209428c1f880
paper_20d661dc97dc,abs_paper_20d661dc97dc
paper_214055403519,abs_paper_214055403519
paper_214bab7b7fa9,abs_paper_214bab7b7fa9
paper_2175c7312595,abs_paper_2175c7312595
paper_221fa4fc9605,abs_paper_221fa4fc9605
paper_2237da671b96,abs_paper_2237da671b96
paper_23374186a701,abs_paper_23374186a701
paper_235627dbc304,abs_paper_235627dbc304
paper_2365e24994d4,abs_paper_2365e24994d4
paper_23b745e20607,abs_paper_23b745e20607
paper_23bd9a664c79,abs_paper_23bd9a664c79
paper_23c1237af917,abs_paper_23c1237af917
paper_23dcfba42cc2,abs_paper_23dcfba42cc2
paper_2400193928e4,abs_paper_2400193928e4
paper_242f358904d1,abs_paper_242f358904d1
paper_2440580a40e4,abs_paper_2440580a40e4
paper_24893bae73b2,abs_paper_24893bae73b2
paper_251bd0bcd725,abs_paper_251bd0bcd725
paper_257a304cdd05,abs_paper_257a304cdd05
paper_25f3d56b4675,abs_paper_25f3d56b4675
paper_266e046a121d,abs_paper_266e046a121d
paper_270cbffab335,abs_paper_270cbffab335
paper_27785400326e,abs_paper_27785400326e
paper_279798e6096f,abs_paper_279798e6096f
paper_27a64b16dd6e,abs_paper_27a64b16dd6e
paper_27abad9d6f5e,abs_paper_27abad9d6f5e
paper_28295c86032e,abs_paper_28295c86032e
paper_288bf1cc08b2,abs_paper_288bf1cc08b2
paper_289034afd4ef,abs_paper_289034afd4ef
paper_28cbf2dd5918,abs_paper_28cbf2dd5918
paper_290c9aa0728b,abs_paper_290c9aa0728b
paper_292dc33680ab,abs_paper_292dc33680ab
paper_293e5fb02768,abs_paper_293e5fb02768
paper_2965126496cd,abs_paper_2965126496cd
paper_29715c551a6c,abs_paper_29715c551a6c
paper_298b6c1c38b0,abs_paper_298b6c1c38b0
paper_29e8bdd8cbfa,abs_paper_29e8bdd8cbfa
paper_2a7d3470bbc4,abs_paper_2a7d3470bbc4
paper_2a80a477951e,abs_paper_2a80a477951e
paper_2ad8aaa47d52,abs_paper_2ad8aaa47d52
paper_2b3fc7682472,abs_paper_2b3fc7682472
paper_2bea74936328,abs_paper_2bea74936328
paper_2c04aed4cc44,abs_paper_2c04aed4cc44
paper_2c2d2b5f6eba,abs_paper_2c2d2b5f6eba
paper_2c71d3fcaaa7,abs_paper_2c71d3fcaaa7
paper_2ce88eaa099c,abs_paper_2ce88eaa099c
paper_2ce954aa508c,abs_paper_2ce954aa508c
paper_2cf711e93d49,abs_paper_2cf711e93d49
paper_2d64588deb8c,abs_paper_2d64588deb8c
paper_2d970badc802,abs_paper_2d970badc802
paper_2db98a6ed4fa,abs_paper_2db98a6ed4fa
paper_2dcefda14fff,abs_paper_2dcefda14fff
paper_2e6758839a48,abs_paper_2e6758839a48
paper_2f1c4bca5811,abs_paper_2f1c4bca5811
paper_2fba55513d53,abs_paper_2fba55513d53
paper_2fe0efe7ee7c,abs_paper_2fe0efe7ee7c
paper_2ff64d685d07,abs_paper_2ff64d685d07
paper_3014646e625b,abs_paper_3014646e625b
paper_30355bbcd802,abs_paper_30355bbcd802
paper_303cab93ecd5,abs_paper_303cab93ecd5
paper_30c4f8d6a8e7,abs_paper_30c4f8d6a8e7
paper_312c9842bae5,abs_paper_312c9842bae5
paper_3137b0f44153,abs_paper_3137b0f44153
paper_3180557fba6f,abs_paper_3180557fba6f
paper_318527712753,abs_paper_318527712753
paper_31c38dda7759,abs_paper_31c38dda7759
paper_32bc308a63c5,abs_paper_32bc308a63c5
paper_331894b37734,abs_paper_331894b37734
paper_331eaa47beed,abs_paper_331eaa47beed
paper_3334b14c471d,abs_paper_3334b14c471d
paper_334220e3ba26,abs_paper_334220e3ba26
paper_336ab267c049,abs_paper_336ab267c049
paper_33eba2440c4b,abs_paper_33eba2440c4b
paper_34103d900746,abs_paper_34103d900746
paper_341f8de63311,abs_paper_341f8de63311
paper_346baea7fdda,abs_paper_346baea7fdda
paper_35581b1f4a6f,abs_paper_35581b1f4a6f
paper_3564b7acedad,abs_paper_3564b7acedad
paper_35658575f0fd,abs_paper_35658575f0fd
paper_36905d64a6c6,abs_paper_36905d64a6c6
paper_3695ab607ea5,abs_paper_3695ab607ea5
paper_36aaf020af5c,abs_paper_36aaf020af5c
paper_36ab87e9b337,abs_paper_36ab87e9b337
paper_3719cc3a81c5,abs_paper_3719cc3a81c5
paper_37385bb055ef,abs_paper_37385bb055ef
paper_3765e8ee4a5b,abs_paper_3765e8ee4a5b
paper_37690bd4130b,abs_paper_37690bd4130b
paper_37c6b7f3a9c8,abs_paper_37c6b7f3a9c8
paper_37c7ea2309b3,abs_paper_37c7ea2309b3
paper_38143357f682,abs_paper_38143357f682
paper_3821386ff56c,abs_paper_3821386ff56c
paper_383252cc6b8c,abs_paper_383252cc6b8c
paper_383f55cf66d3,abs_paper_383f55cf66d3
paper_386b50d4be98,abs_paper_386b50d4be98
paper_388669b3edad,abs_paper_388669b3edad
paper_38c6546fc57e,abs_paper_38c6546fc57e
paper_38cf1a0c231a,abs_paper_38cf1a0c231a
paper_38d51561b12c,abs_paper_38d51561b12c
paper_38e180064a1d,abs_paper_38e180064a1d
paper_3947ff121389,abs_paper_3947ff121389
paper_39ddc08ecc59,abs_paper_39ddc08ecc59
paper_3a10bda4bcfa,abs_paper_3a10bda4bcfa
paper_3a33d9cc3ac8,abs_paper_3a33d9cc3ac8
paper_3aa135d0f1f5,abs_paper_3aa135d0f1f5
paper_3aa2f6aed370,abs_paper_3aa2f6aed370
paper_3aa91392e47e,abs_paper_3aa91392e47e
paper_3b85b8de4b90,abs_paper_3b85b8de4b90
paper_3c159ffb860e,abs_paper_3c159ffb860e
paper_3cc570ea7b49,abs_paper_3cc570ea7b49
paper_3d597e9df338,abs_paper_3d597e9df338
paper_3d71417bcac4,abs_paper_3d71417bcac4
paper_3d817d6e82a0,abs_paper_3d817d6e82a0
paper_3dace84b4aa3,abs_paper_3dace84b4aa3
paper_3db627d65312,abs_paper_3db627d65312
paper_3e178528f4db,abs_paper_3e178528f4db
paper_3ecc4b35939d,abs_paper_3ecc4b35939d
paper_3f034505c2a0,abs_paper_3f034505c2a0
paper_3f120a084cf4,abs_paper_3f120a084cf4
paper_3f29893f43a5,abs_paper_3f29893f43a5
paper_3fa8ee9a93f2,abs_paper_3fa8ee9a93f2
paper_3fc94711b8d7,abs_paper_3fc94711b8d7
paper_3fcb52f72854,abs_paper_3fcb52f72854
paper_401adbcd2e55,abs_paper_401adbcd2e55
paper_4024a4a039ca,abs_paper_4024a4a039ca
paper_4042fad3a0a4,abs_paper_4042fad3a0a4
paper_406b3a663202,abs_paper_406b3a663202
paper_40fed308a45f,abs_paper_40fed308a45f
paper_41000e5a1f26,abs_paper_41000e5a1f26
paper_4129e0aa65c2,abs_paper_4129e0aa65c2
paper_4194e30d1975,abs_paper_4194e30d1975
paper_41e68288a035,abs_paper_41e68288a035
paper_421767b9f339,abs_paper_421767b9f339
paper_421b460f267f,abs_paper_421b460f267f
paper_421c372b4ea0,abs_paper_421c372b4ea0
paper_4252f6587121,abs_paper_4252f6587121
paper_42dbd7e133da,abs_paper_42dbd7e133da
paper_42f50151e91e,abs_paper_42f50151e91e
paper_43254d77185f,abs_paper_43254d77185f
paper_432d37e0024b,abs_paper_432d37e0024b
paper_4361b8efdaab,abs_paper_4361b8efdaab
paper_4380e88c86b9,abs_paper_4380e88c86b9
paper_44b75c7eed59,abs_paper_44b75c7eed59
paper_44ca8f5d3053,abs_paper_44ca8f5d3053
paper_44cbae90545f,abs_paper_44cbae90545f
paper_455bf65090b9,abs_paper_455bf65090b9
paper_4625bbbcd5e8,abs_paper_4625bbbcd5e8
paper_46638cc8742b,abs_paper_46638cc8742b
paper_46a8b8571f77,abs_paper_46a8b8571f77
paper_47341468552c,abs_paper_47341468552c
paper_48786788a0ac,abs_paper_48786788a0ac
paper_490a6af20a02,abs_paper_490a6af20a02
paper_491cb30225c2,abs_paper_491cb30225c2
paper_497f39823f37,abs_paper_497f39823f37
paper_49c8daeb25c6,abs_paper_49c8daeb25c6
paper_49f4abe7b7b6,abs_paper_49f4abe7b7b6
paper_4a12daac1e98,abs_paper_4a12daac1e98
paper_4a211d940bf0,abs_paper_4a211d940bf0
paper_4a2a8e4bff54,abs_paper_4a2a8e4bff54
paper_4a3a5389410e,abs_paper_4a3a5389410e
paper_4a5039f1d2b7,abs_paper_4a5039f1d2b7
paper_4a8b0d293012,abs_paper_4a8b0d293012
paper_4aefb3a36734,abs_paper_4aefb3a36734
paper_4b591a68f471,abs_paper_4b591a68f471
paper_4b8dcaeb29cc,abs_paper_4b8dcaeb29cc
paper_4c3207933faf,abs_paper_4c3207933faf
paper_4c4cad8785d8,abs_paper_4c4cad8785d8
paper_4c4d49d0aa39,abs_paper_4c4d49d0aa39
paper_4c81d040624e,abs_paper_4c81d040624e
paper_4c9f687043c6,abs_paper_4c9f687043c6
paper_4cbf4a6b207d,abs_paper_4cbf4a6b207d
paper_4ce7ec4509bb,abs_paper_4ce7ec4509bb
paper_4cee74203e3b,abs_paper_4cee74203e3b
paper_4d060cfa77c3,abs_paper_4d060cfa77c3
paper_4d0fe8340663,abs_paper_4d0fe8340663
paper_4d3653dbf5d2,abs_paper_4d3653dbf5d2
paper_4d4b6712c7c4,abs_paper_4d4b6712c7c4
paper_4d8ec55895fd,abs_paper_4d8ec55895fd
paper_4da51849b847,abs_paper_4da51849b847
paper_4dc277451bf3,abs_paper_4dc277451bf3
paper_4e1a55e66acf,abs_paper_4e1a55e66acf
paper_4e258d765324,abs_paper_4e258d765324
paper_4e306625d32a,abs_paper_4e306625d32a
paper_4e93d738c4de,abs_paper_4e93d738c4de
paper_4ec41723754c,abs_paper_4ec41723754c
paper_4ed6d06a3b6d,abs_paper_4ed6d06a3b6d
paper_4ee1919ace68,abs_paper_4ee1919ace68
paper_4f1a4171b091,abs_paper_4f1a4171b091
paper_505c4a938872,abs_paper_505c4a938872
paper_5062a3383ed1,abs_paper_5062a3383ed1
paper_5066128c4ec8,abs_paper_5066128c4ec8
paper_509738dec940,abs_paper_509738dec940
paper_509c6b442122,abs_paper_509c6b442122
paper_50dadcaeaa29,abs_paper_50dadcaeaa29
paper_5100398a2b0b,abs_paper_5100398a2b0b
paper_511316627c55,abs_paper_511316627c55
paper_522e985c8fa9,abs_paper_522e985c8fa9
paper_528b35228eeb,abs_paper_528b35228eeb
paper_53be9e22444b,abs_paper_53be9e22444b
paper_53f0d01167a8,abs_paper_53f0d01167a8
paper_54090a8c44d8,abs_paper_54090a8c44d8
paper_548de9199160,abs_paper_548de9199160
paper_551b7b82a7d5,abs_paper_551b7b82a7d5
paper_553b5dffa1ad,abs_paper_553b5dffa1ad
paper_554f00b3cda9,abs_paper_554f00b3cda9
paper_557831357050,abs_paper_557831357050
paper_55b1b20d49db,abs_paper_55b1b20d49db
paper_5660485e2fba,abs_paper_5660485e2fba
paper_567c90b9ec76,abs_paper_567c90b9ec76
paper_56d41031ece0,abs_paper_56d41031ece0
paper_57039bf49439,abs_paper_57039bf49439
paper_5745ccdbcc96,abs_paper_5745ccdbcc96
paper_579ae3e664a3,abs_paper_579ae3e664a3
paper_57d72eef4667,abs_paper_57d72eef4667
paper_58512a79801c,abs_paper_58512a79801c
paper_585649845b53,abs_paper_585649845b53
paper_5889492c04aa,abs_paper_5889492c04aa
paper_58c1e7784f84,abs_paper_58c1e7784f84
paper_5908761f39c1,abs_paper_5908761f39c1
paper_5a0571a0a437,abs_paper_5a0571a0a437
paper_5a5721a5a87d,abs_paper_5a5721a5a87d
paper_5a7744566c71,abs_paper_5a7744566c71
paper_5adff1abf7f1,abs_paper_5adff1abf7f1
paper_5b8ead2ac3b0,abs_paper_5b8ead2ac3b0
paper_5baf7399e220,abs_paper_5baf7399e220
paper_5c3241b31d1a,abs_paper_5c3241b31d1a
paper_5c517d972408,abs_paper_5c517d972408
paper_5d3329aba9e4,abs_paper_5d3329aba9e4
paper_5d6db7cce9ee,abs_paper_5d6db7cce9ee
paper_5d9496484972,abs_paper_5d9496484972
paper_5dfd9722704a,abs_paper_5dfd9722704a
paper_5dff8f650267,abs_paper_5dff8f650267
paper_5e06eb38312e,abs_paper_5e06eb38312e
paper_5e3ec51ec8f7,abs_paper_5e3ec51ec8f7
paper_5e78b0107ab4,abs_paper_5e78b0107ab4
paper_5e7b8d4b78cd,abs_paper_5e7b8d4b78cd
paper_5e9757d1aef3,abs_paper_5e9757d1aef3
paper_5ecaa78f556f,abs_paper_5ecaa78f556f
paper_5f62cdfe9bd7,abs_paper_5f62cdfe9bd7
paper_5fd0ae62b6d4,abs_paper_5fd0ae62b6d4
paper_600ae28c2074,abs_paper_600ae28c2074
paper_6012ba46a568,abs_paper_6012ba46a568
paper_6070649698a9,abs_paper_6070649698a9
paper_607c7d4524ac,abs_paper_607c7d4524ac
paper_6080054769a0,abs_paper_6080054769a0
paper_60900856277f,abs_paper_60900856277f
paper_60bc4ab5e2ca,abs_paper_60bc4ab5e2ca
paper_60edf76f5f4b,abs_paper_60edf76f5f4b
paper_60f93e4ef7a8,abs_paper_60f93e4ef7a8
paper_613cc26a7f90,abs_paper_613cc26a7f90
paper_61c1be70fd83,abs_paper_61c1be70fd83
paper_6286f0c7a2c5,abs_paper_6286f0c7a2c5
paper_630e846e8cc4,abs_paper_630e846e8cc4
paper_632279fd9079,abs_paper_632279fd9079
paper_632a40cb05ec,abs_paper_632a40cb05ec
paper_634cdc1f65a8,abs_paper_634cdc1f65a8
paper_64171980d008,abs_paper_64171980d008
paper_641ca8af32a9,abs_paper_641ca8af32a9
paper_643646eac68a,abs_paper_643646eac68a
paper_6441b2e65c40,abs_paper_6441b2e65c40
paper_645b7ec49fb1,abs_paper_645b7ec49fb1
paper_64cf0a327a18,abs_paper_64cf0a327a18
paper_6573b3d3ff31,abs_paper_6573b3d3ff31
paper_65a50cf20028,abs_paper_65a50cf20028
paper_65bd2972892d,abs_paper_65bd2972892d
paper_65f6564d462b,abs_paper_65f6564d462b
paper_660eb6c77ded,abs_paper_660eb6c77ded
paper_66167d8466de,abs_paper_66167d8466de
paper_666cbdc3fa63,abs_paper_666cbdc3fa63
paper_67392863726d,abs_paper_67392863726d
paper_6750c40316fa,abs_paper_6750c40316fa
paper_675fe154e9ed,abs_paper_675fe154e9ed
paper_686042e10af4,abs_paper_686042e10af4
paper_68850515a684,abs_paper_68850515a684
paper_68ac2c6b08e2,abs_paper_68ac2c6b08e2
paper_68b0cb4aef28,abs_paper_68b0cb4aef28
paper_68c5d93a300c,abs_paper_68c5d93a300c
paper_68e3c8fff0d8,abs_paper_68e3c8fff0d8
paper_6925df8c77ed,abs_paper_6925df8c77ed
paper_692b70238e67,abs_paper_692b70238e67
paper_69d4d9e4a0f9,abs_paper_69d4d9e4a0f9
paper_6a3ad1136f55,abs_paper_6a3ad1136f55
paper_6a840c729807,abs_paper_6a840c729807
paper_6b09525cde1f,abs_paper_6b09525cde1f
paper_6b7e67b4ef1d,abs_paper_6b7e67b4ef1d
paper_6b936c3560a6,abs_paper_6b936c3560a6
paper_6bec1ad7fd64,abs_paper_6bec1ad7fd64
paper_6c3295f7364a,abs_paper_6c3295f7364a
paper_6c6a49ac1d4a,abs_paper_6c6a49ac1d4a
paper_6c7630fbc837,abs_paper_6c7630fbc837
paper_6d4d3c953ee1,abs_paper_6d4d3c953ee1
paper_6d5d47a7c5e0,abs_paper_6d5d47a7c5e0
paper_6d6634d6e4c0,abs_paper_6d6634d6e4c0
paper_6dcbd0823798,abs_paper_6dcbd0823798
paper_6e135e950794,abs_paper_6e135e950794
paper_6e13eaedf892,abs_paper_6e13eaedf892
paper_6e3f2ef9ab2f,abs_paper_6e3f2ef9ab2f
paper_6ed69ae93b00,abs_paper_6ed69ae93b00
paper_6f39b1cf10f3,abs_paper_6f39b1cf10f3
paper_6faa24580952,abs_paper_6faa24580952
paper_7056cb6eb474,abs_paper_7056cb6eb474
paper_706393e50f9b,abs_paper_706393e50f9b
paper_706521c8203f,abs_paper_706521c8203f
paper_70ad9dd2bb51,abs_paper_70ad9dd2bb51
paper_714c1508443e,abs_paper_714c1508443e
paper_715add7b3ef9,abs_paper_715add7b3ef9
paper_71aba0d037ea,abs_paper_71aba0d037ea
paper_71b96b2f5b38,abs_paper_71b96b2f5b38
paper_71e9b529d05f,abs_paper_71e9b529d05f
paper_720190a45e69,abs_paper_720190a45e69
paper_729f1756b076,abs_paper_729f1756b076
paper_72a776992d0b,abs_paper_72a776992d0b
paper_7302b17b34ee,abs_paper_7302b17b34ee
paper_737e1a545d99,abs_paper_737e1a545d99
paper_73aa2a4489ab,abs_paper_73aa2a4489ab
paper_73c30762d498,abs_paper_73c30762d498
paper_73f1f51f03c1,abs_paper_73f1f51f03c1
paper_7400a919ede3,abs_paper_7400a919ede3
paper_740c1098cca4,abs_paper_740c1098cca4
paper_744b3e6a0bef,abs_paper_744b3e6a0bef
paper_74594b6605fd,abs_paper_74594b6605fd
paper_74c8aac01a2d,abs_paper_74c8aac01a2d
paper_75b53aff8f1d,abs_paper_75b53aff8f1d
paper_75d5a9748554,abs_paper_75d5a9748554
paper_761e240b1848,abs_paper_761e240b1848
paper_767427cbc674,abs_paper_767427cbc674
paper_77002f64a2fa,abs_paper_77002f64a2fa
paper_77157f88448e,abs_paper_77157f88448e
paper_772407d1d4c8,abs_paper_772407d1d4c8
paper_77bccacaf785,abs_paper_77bccacaf785
paper_77e3e673583d,abs_paper_77e3e673583d
paper_786c8f906c6e,abs_paper_786c8f906c6e
paper_78a0d08ccf53,abs_paper_78a0d08ccf53
paper_78c2f05d70a5,abs_paper_78c2f05d70a5
paper_7941afd4c07c,abs_paper_7941afd4c07c
paper_7962a890bf67,abs_paper_7962a890bf67
paper_79c71bc74630,abs_paper_79c71bc74630
paper_79d6ad6e329f,abs_paper_79d6ad6e329f
paper_7a02a1212a0e,abs_paper_7a02a1212a0e
paper_7a64a98a1f7d,abs_paper_7a64a98a1f7d
paper_7a68d69d2750,abs_paper_7a68d69d2750
paper_7a7e7d66b32e,abs_paper_7a7e7d66b32e
paper_7b0050801185,abs_paper_7b0050801185
paper_7b0bd9d780ce,abs_paper_7b0bd9d780ce
paper_7b1ab48f50ef,abs_paper_7b1ab48f50ef
paper_7b3163e96526,abs_paper_7b3163e96526
paper_7b690e928215,abs_paper_7b690e928215
paper_7b86a3a8c1f1,abs_paper_7b86a3a8c1f1
paper_7ba413f14d47,abs_paper_7ba413f14d47
paper_7bd3edce543e,abs_paper_7bd3edce543e
paper_7c2117a2eb27,abs_paper_7c2117a2eb27
paper_7c3296f3a2a7,abs_paper_7c3296f3a2a7
paper_7ca670381f47,abs_paper_7ca670381f47
paper_7cafe629ea83,abs_paper_7cafe629ea83
paper_7d145240dabd,abs_paper_7d145240dabd
paper_7d4e4105daab,abs_paper_7d4e4105daab
paper_7d663fd54711,abs_paper_7d663fd54711
paper_7e06e8f4a5a8,abs_paper_7e06e8f4a5a8
paper_7e1e2ca95860,abs_paper_7e1e2ca95860
paper_7e82f2fd9809,abs_paper_7e82f2fd9809
paper_7eb506688fa7,abs_paper_7eb506688fa7
paper_7f232da7ceff,abs_paper_7f232da7ceff
paper_7fa1bda83af0,abs_paper_7fa1bda83af0
paper_7fd2888476ef,abs_paper_7fd2888476ef
paper_7fed6648781c,abs_paper_7fed6648781c
paper_800a3b9a5dee,abs_paper_800a3b9a5dee
paper_80187941aec1,abs_paper_80187941aec1
paper_80a635d9c00f,abs_paper_80a635d9c00f
paper_80be0ebb2235,abs_paper_80be0ebb2235
paper_80f5d71c565c,abs_paper_80f5d71c565c
paper_80fd616b05b4,abs_paper_80fd616b05b4
paper_810f82159dbb,abs_paper_810f82159dbb
paper_8158a62a4c1a,abs_paper_8158a62a4c1a
paper_8195ebf5c770,abs_paper_8195ebf5c770
paper_81d6121aba4e,abs_paper_81d6121aba4e
paper_8209561576fa,abs_paper_8209561576fa
paper_8250bd8f4fa5,abs_paper_8250bd8f4fa5
paper_8254095d6459,abs_paper_8254095d6459
paper_828139a6e511,abs_paper_828139a6e511
paper_830080d74846,abs_paper_830080d74846
paper_84460f69244a,abs_paper_84460f69244a
paper_847dbb1cc53d,abs_paper_847dbb1cc53d
paper_84c6f2b1c808,abs_paper_84c6f2b1c808
paper_84ec510c94e6,abs_paper_84ec510c94e6
paper_84f173ea0a25,abs_paper_84f173ea0a25
paper_851039da61cf,abs_paper_851039da61cf
paper_8578bb7c2b46,abs_paper_8578bb7c2b46
paper_8638d64a93fe,abs_paper_8638d64a93fe
paper_86b9ecec7dc9,abs_paper_86b9ecec7dc9
paper_86fd39e799f5,abs_paper_86fd39e799f5
paper_86fd3f5f837d,abs_paper_86fd3f5f837d
paper_87220b6cf992,abs_paper_87220b6cf992
paper_87463e610219,abs_paper_87463e610219
paper_87592718ea03,abs_paper_87592718ea03
paper_875a349a3cc1,abs_paper_875a349a3cc1
paper_876f20e1ede8,abs_paper_876f20e1ede8
paper_87949644b2e5,abs_paper_87949644b2e5
paper_87d32b971716,abs_paper_87d32b971716
paper_87d5d5d96c91,abs_paper_87d5d5d96c91
paper_8855159456a2,abs_paper_8855159456a2
paper_885ce8ff740e,abs_paper_885ce8ff740e
paper_88d0e7fa468d,abs_paper_88d0e7fa468d
paper_898063e36baf,abs_paper_898063e36baf
paper_89966989abd9,abs_paper_89966989abd9
paper_8996b74d6527,abs_paper_8996b74d6527
paper_89ad85314386,abs_paper_89ad85314386
paper_89cea7046e2a,abs_paper_89cea7046e2a
paper_8a5f7780adb5,abs_paper_8a5f7780adb5
paper_8a70b247bee5,abs_paper_8a70b247bee5
paper_8a7aaf69eba9,abs_paper_8a7aaf69eba9
paper_8a83719b06ce,abs_paper_8a83719b06ce
paper_8aafa0e8d101,abs_paper_8aafa0e8d101
paper_8acb32bb9e59,abs_paper_8acb32bb9e59
paper_8af3a9383ee6,abs_paper_8af3a9383ee6
paper_8afd17cabdcb,abs_paper_8afd17cabdcb
paper_8b24a575d271,abs_paper_8b24a575d271
paper_8b550f9dea5a,abs_paper_8b550f9dea5a
paper_8b95d0d9d93b,abs_paper_8b95d0d9d93b
paper_8c46dafe9126,abs_paper_8c46dafe9126
paper_8c63eec653f1,abs_paper_8c63eec653f1
paper_8d1c1a3a2e65,abs_paper_8d1c1a3a2e65
paper_8d2853f8ea39,abs_paper_8d2853f8ea39
paper_8d3b9fbd6786,abs_paper_8d3b9fbd6786
paper_8d4521e108c5,abs_paper_8d4521e108c5
paper_8d62ab92697b,abs_paper_8d62ab92697b
paper_8d995e0133eb,abs_paper_8d995e0133eb
paper_8dc046a29e1b,abs_paper_8dc046a29e1b
paper_8e267efb9cf1,abs_paper_8e267efb9cf1
paper_8ea34562375f,abs_paper_8ea34562375f
paper_8ecb4be22a69,abs_paper_8ecb4be22a69
paper_8eec788432e6,abs_paper_8eec788432e6
paper_8fcf88aa8b19,abs_paper_8fcf88aa8b19
paper_9024d65cb837,abs_paper_9024d65cb837
paper_90c60ebd50de,abs_paper_90c60ebd50de
paper_91ef1817bcef,abs_paper_91ef1817bcef
paper_9210811edc1f,abs_paper_9210811edc1f
paper_929436e85fd1,abs_paper_929436e85fd1
paper_92d54cbda517,abs_paper_92d54cbda517
paper_9369b8357793,abs_paper_9369b8357793
paper_936af3891671,abs_paper_936af3891671
paper_936cb97fca8b,abs_paper_936cb97fca8b
paper_938e7b051abe,abs_paper_938e7b051abe
paper_948a27474f43,abs_paper_948a27474f43
paper_950b40efdbdb,abs_paper_950b40efdbdb
paper_952c87003f36,abs_paper_952c87003f36
paper_9579b0a0f97a,abs_paper_9579b0a0f97a
paper_964243cb8b7e,abs_paper_964243cb8b7e
paper_9652f6b2678a,abs_paper_9652f6b2678a
paper_96559b1ff284,abs_paper_96559b1ff284
paper_96d583e682a2,abs_paper_96d583e682a2
paper_9784e1a527fe,abs_paper_9784e1a527fe
paper_9832c09ee600,abs_paper_9832c09ee600
paper_99edf7d771b4,abs_paper_99edf7d771b4
paper_9a2cd922ec16,abs_paper_9a2cd922ec16
paper_9a4c3ae4e05f,abs_paper_9a4c3ae4e05f
paper_9a4e1f5133a1,abs_paper_9a4e1f5133a1
paper_9a7bbe744089,abs_paper_9a7bbe744089
paper_9a7c8d56a4e6,abs_paper_9a7c8d56a4e6
paper_9a92253c415f,abs_paper_9a92253c415f
paper_9b170077bd07,abs_paper_9b170077bd07
paper_9b56831f1d0f,abs_paper_9b56831f1d0f
paper_9b68f2b2e0ed,abs_paper_9b68f2b2e0ed
paper_9bfd2aa855eb,abs_paper_9bfd2aa855eb
paper_9c2ac05498aa,abs_paper_9c2ac05498aa
paper_9cba30e47d8e,abs_paper_9cba30e47d8e
paper_9cc941ba1691,abs_paper_9cc941ba1691
paper_9cd21822a514,abs_paper_9cd21822a514
paper_9cdd2e44ecb8,abs_paper_9cdd2e44ecb8
paper_9cfcbd9b46ea,abs_paper_9cfcbd9b46ea
paper_9d451899ad66,abs_paper_9d451899ad66
paper_9d577f7d3596,abs_paper_9d577f7d3596
paper_9d7b550e02f4,abs_paper_9d7b550e02f4
paper_9de5e545753f,abs_paper_9de5e545753f
paper_9eab3f90521a,abs_paper_9eab3f90521a
paper_9ee1ce4da925,abs_paper_9ee1ce4da925
paper_9f3cc8e975b6,abs_paper_9f3cc8e975b6
paper_9fa298f25fed,abs_paper_9fa298f25fed
paper_9fcc6cea7428,abs_paper_9fcc6cea7428
paper_9fe3ac91013c,abs_paper_9fe3ac91013c
paper_a022d61bf2f4,abs_paper_a022d61bf2f4
paper_a027d31bfd72,abs_paper_a027d31bfd72
paper_a031ae722066,abs_paper_a031ae722066
paper_a073dac678b6,abs_paper_a073dac678b6
paper_a0eee2684336,abs_paper_a0eee2684336
paper_a1032afdb673,abs_paper_a1032afdb673
paper_a1921e5bc706,abs_paper_a1921e5bc706
paper_a1b5b5ee2242,abs_paper_a1b5b5ee2242
paper_a1e169224b44,abs_paper_a1e169224b44
paper_a1efab6490ac,abs_paper_a1efab6490ac
paper_a1f6ab5a73ad,abs_paper_a1f6ab5a73ad
paper_a22617308c04,abs_paper_a22617308c04
paper_a2891e8e71d5,abs_paper_a2891e8e71d5
paper_a42ad13bce5a,abs_paper_a42ad13bce5a
paper_a460b7d5f429,abs_paper_a460b7d5f429
paper_a492f5db74bc,abs_paper_a492f5db74bc
paper_a4bb5fdd8aa4,abs_paper_a4bb5fdd8aa4
paper_a4d0fe0633e1,abs_paper_a4d0fe0633e1
paper_a548bb8cddcf,abs_paper_a548bb8cddcf
paper_a5f154f53c31,abs_paper_a5f154f53c31
paper_a603f930677d,abs_paper_a603f930677d
paper_a62976cc8b26,abs_paper_a62976cc8b26
paper_a682585e4e7d,abs_paper_a682585e4e7d
paper_a69631be3e83,abs_paper_a69631be3e83
paper_a699c2470660,abs_paper_a699c2470660
paper_a69a5e84862a,abs_paper_a69a5e84862a
paper_a6a384c4d88d,abs_paper_a6a384c4d88d
paper_a6bf041afad9,abs_paper_a6bf041afad9
paper_a732dee270cd,abs_paper_a732dee270cd
paper_a7878df9c279,abs_paper_a7878df9c279
paper_a7cc8e7943e9,abs_paper_a7cc8e7943e9
paper_a7cce6452376,abs_paper_a7cce6452376
paper_a8317ff487b8,abs_paper_a8317ff487b8
paper_a8708eb3a47d,abs_paper_a8708eb3a47d
paper_a8e7912acebf,abs_paper_a8e7912acebf
paper_a8f9c7c50ef9,abs_paper_a8f9c7c50ef9
paper_a97a5a3ca48b,abs_paper_a97a5a3ca48b
paper_a996e8fdf6fa,abs_paper_a996e8fdf6fa
paper_a9ae295f371f,abs_paper_a9ae295f371f
paper_a9b2d6cc3f4d,abs_paper_a9b2d6cc3f4d
paper_a9cce7fb3523,abs_paper_a9cce7fb3523
paper_a9d390706e30,abs_paper_a9d390706e30
paper_ab10829f5f5a,abs_paper_ab10829f5f5a
paper_ab41cd7384f2,abs_paper_ab41cd7384f2
paper_ab6c76d6ef50,abs_paper_ab6c76d6ef50
paper_abffc25fdb46,abs_paper_abffc25fdb46
paper_ac114fa2920b,abs_paper_ac114fa2920b
paper_ac562310dc19,abs_paper_ac562310dc19
paper_ac57abac05a2,abs_paper_ac57abac05a2
paper_acb36a34ed72,abs_paper_acb36a34ed72
paper_acd7be6692c4,abs_paper_acd7be6692c4
paper_ad2053c602c5,abs_paper_ad2053c602c5
paper_ad5f730e9721,abs_paper_ad5f730e9721
paper_ad9eb9fc8fb0,abs_paper_ad9eb9fc8fb0
paper_add5d651cf22,abs_paper_add5d651cf22
paper_ae1e67399607,abs_paper_ae1e67399607
paper_aeb7c5684041,abs_paper_aeb7c5684041
paper_aec49f0e88ff,abs_paper_aec49f0e88ff
paper_aecd1519c339,abs_paper_aecd1519c339
paper_aeeeb3765996,abs_paper_aeeeb3765996
paper_af01c523a06a,abs_paper_af01c523a06a
paper_af38b23a62d9,abs_paper_af38b23a62d9
paper_af800f64de22,abs_paper_af800f64de22
paper_afb818d6fd6b,abs_paper_afb818d6fd6b
paper_aff5b352ec31,abs_paper_aff5b352ec31
paper_b003e34388dc,abs_paper_b003e34388dc
paper_b02a79bede37,abs_paper_b02a79bede37
paper_b0a0278884e2,abs_paper_b0a0278884e2
paper_b103af99b57f,abs_paper_b103af99b57f
paper_b13988d4974f,abs_paper_b13988d4974f
paper_b15bdb567d8c,abs_paper_b15bdb567d8c
paper_b1c45e068dd3,abs_paper_b1c45e068dd3
paper_b1c592d59f09,abs_paper_b1c592d59f09
paper_b273c0cfbf6e,abs_paper_b273c0cfbf6e
paper_b2c1c1a4622c,abs_paper_b2c1c1a4622c
paper_b302e61a323c,abs_paper_b302e61a323c
paper_b345ce684468,abs_paper_b345ce684468
paper_b3719516f613,abs_paper_b3719516f613
paper_b3ae6c1cf736,abs_paper_b3ae6c1cf736
paper_b3c5bdc4d1a0,abs_paper_b3c5bdc4d1a0
paper_b41cfc3b9402,abs_paper_b41cfc3b9402
paper_b424720f7161,abs_paper_b424720f7161
paper_b48b3058dfc7,abs_paper_b48b3058dfc7
paper_b4a10ae9adac,abs_paper_b4a10ae9adac
paper_b4b5ad50ccdd,abs_paper_b4b5ad50ccdd
paper_b4ed28d5077e,abs_paper_b4ed28d5077e
paper_b500c54c808e,abs_paper_b500c54c808e
paper_b5cab9ffce63,abs_paper_b5cab9ffce63
paper_b6440f97f009,abs_paper_b6440f97f009
paper_b67515ee3eae,abs_paper_b67515ee3eae
paper_b69a5f830f37,abs_paper_b69a5f830f37
paper_b69d439962a2,abs_paper_b69d439962a2
paper_b6fb8da3f3fb,abs_paper_b6fb8da3f3fb
paper_b7b7b6b8d2ce,abs_paper_b7b7b6b8d2ce
paper_b92f44c65e17,abs_paper_b92f44c65e17
paper_b953329aca6f,abs_paper_b953329aca6f
paper_ba5f33d4c7ef,abs_paper_ba5f33d4c7ef
paper_baa95d8a8e0b,abs_paper_baa95d8a8e0b
paper_baac6303cc0b,abs_paper_baac6303cc0b
paper_bad396f49ebe,abs_paper_bad396f49ebe
paper_bb1abcf9a0b0,abs_paper_bb1abcf9a0b0
paper_bc0e65f8ddd2,abs_paper_bc0e65f8ddd2
paper_bc5be6eb85a4,abs_paper_bc5be6eb85a4
paper_bcb8b36e779b,abs_paper_bcb8b36e779b
paper_bcb9a866762a,abs_paper_bcb9a866762a
paper_bccc5d2b4d78,abs_paper_bccc5d2b4d78
paper_bce15d9a5928,abs_paper_bce15d9a5928
paper_bd083baa5797,abs_paper_bd083baa5797
paper_bd0c7320018b,abs_paper_bd0c7320018b
paper_bd511708d3c7,abs_paper_bd511708d3c7
paper_bd6b118767a0,abs_paper_bd6b118767a0
paper_bd88af191f04,abs_paper_bd88af191f04
paper_be93b9fcc792,abs_paper_be93b9fcc792
paper_bee224c0ea26,abs_paper_bee224c0ea26
paper_bf0cb587916f,abs_paper_bf0cb587916f
paper_bf48aa649140,abs_paper_bf48aa649140
paper_bf6988e7fcbe,abs_paper_bf6988e7fcbe
paper_bfc617fb40d9,abs_paper_bfc617fb40d9
paper_bfffcfef9fab,abs_paper_bfffcfef9fab
paper_c043924e60eb,abs_paper_c043924e60eb
paper_c0770de12eaf,abs_paper_c0770de12eaf
paper_c0934dc8089e,abs_paper_c0934dc8089e
paper_c0dd5421291f,abs_paper_c0dd5421291f
paper_c10d07d52af5,abs_paper_c10d07d52af5
paper_c187fc03a1e1,abs_paper_c187fc03a1e1
paper_c19b1ebc758c,abs_paper_c19b1ebc758c
paper_c1bebe87d03f,abs_paper_c1bebe87d03f
paper_c1bf9456861d,abs_paper_c1bf9456861d
paper_c2261a36e295,abs_paper_c2261a36e295
paper_c22eec163288,abs_paper_c22eec163288
paper_c246dd227ffc,abs_paper_c246dd227ffc
paper_c24f73ccbb83,abs_paper_c24f73ccbb83
paper_c2ff5345658b,abs_paper_c2ff5345658b
paper_c3ffdbc4a4fd,abs_paper_c3ffdbc4a4fd
paper_c420e662fd28,abs_paper_c420e662fd28
paper_c49852c0da33,abs_paper_c49852c0da33
paper_c52ec2de6ed5,abs_paper_c52ec2de6ed5
paper_c54092b26545,abs_paper_c54092b26545
paper_c6005f889a9f,abs_paper_c6005f889a9f
paper_c609f5800e88,abs_paper_c609f5800e88
paper_c67e9a4d0f12,abs_paper_c67e9a4d0f12
paper_c68ba89617b1,abs_paper_c68ba89617b1
paper_c6a034c5eab4,abs_paper_c6a034c5eab4
paper_c6d2082a90d4,abs_paper_c6d2082a90d4
paper_c6e2522e5b81,abs_paper_c6e2522e5b81
paper_c75d0831868d,abs_paper_c75d0831868d
paper_c7a25f18229c,abs_paper_c7a25f18229c
paper_c7ac54df69ec,abs_paper_c7ac54df69ec
paper_c7e8a6e2f86a,abs_paper_c7e8a6e2f86a
paper_c84c08be41ec,abs_paper_c84c08be41ec
paper_c85ffe6298d5,abs_paper_c85ffe6298d5
paper_c87ec9bd717c,abs_paper_c87ec9bd717c
paper_c8d003ca8a22,abs_paper_c8d003ca8a22
paper_c8e29f8c29ea,abs_paper_c8e29f8c29ea
paper_c938d11a8fe6,abs_paper_c938d11a8fe6
paper_c944837422f3,abs_paper_c944837422f3
paper_c9518d2d168f,abs_paper_c9518d2d168f
paper_c95952ef4c5e,abs_paper_c95952ef4c5e
paper_c96827ee7ee6,abs_paper_c96827ee7ee6
paper_c98fbb7cbc64,abs_paper_c98fbb7cbc64
paper_c9b26acecab5,abs_paper_c9b26acecab5
paper_c9bc4861cb32,abs_paper_c9bc4861cb32
paper_c9fcae5e919f,abs_paper_c9fcae5e919f
paper_ca6aa0dd0fd5,abs_paper_ca6aa0dd0fd5
paper_ca8c884dfa7b,abs_paper_ca8c884dfa7b
paper_cb41f4586771,abs_paper_cb41f4586771
paper_cb48d196f0d1,abs_paper_cb48d196f0d1
paper_cb50addabf7f,abs_paper_cb50addabf7f
paper_cc13489d68b0,abs_paper_cc13489d68b0
paper_cc4c88be2900,abs_paper_cc4c88be2900
paper_cc5b7a0030ae,abs_paper_cc5b7a0030ae
paper_cc6aceb1175f,abs_paper_cc6aceb1175f
paper_cc6fcf88e1be,abs_paper_cc6fcf88e1be
paper_cc98a5290e26,abs_paper_cc98a5290e26
paper_cce92aa2c451,abs_paper_cce92aa2c451
paper_ccedd18bf110,abs_paper_ccedd18bf110
paper_cd9943d8a78f,abs_paper_cd9943d8a78f
paper_cde95e1387c1,abs_paper_cde95e1387c1
paper_cdf7b26c2ecf,abs_paper_cdf7b26c2ecf
paper_ce1f7e201a4b,abs_paper_ce1f7e201a4b
paper_ce34768839a6,abs_paper_ce34768839a6
paper_ce3b69a97071,abs_paper_ce3b69a97071
paper_ce80906b5526,abs_paper_ce80906b5526
paper_ce8d0515a215,abs_paper_ce8d0515a215
paper_cf321f4b227e,abs_paper_cf321f4b227e
paper_cfd62d5fb11a,abs_paper_cfd62d5fb11a
paper_cfd63d9bcbc2,abs_paper_cfd63d9bcbc2
paper_d0c3687639a8,abs_paper_d0c3687639a8
paper_d10b11707aa3,abs_paper_d10b11707aa3
paper_d114a503eae2,abs_paper_d114a503eae2
paper_d1422ab4c44a,abs_paper_d1422ab4c44a
paper_d15a1b64522e,abs_paper_d15a1b64522e
paper_d18d9f6e48fa,abs_paper_d18d9f6e48fa
paper_d1bea096ed23,abs_paper_d1bea096ed23
paper_d1e94fdc0850,abs_paper_d1e94fdc0850
paper_d265416ba0b6,abs_paper_d265416ba0b6
paper_d2801c5fddb3,abs_paper_d2801c5fddb3
paper_d2c88daf9d43,abs_paper_d2c88daf9d43
paper_d2d967f9b62f,abs_paper_d2d967f9b62f
paper_d44ee7c0da35,abs_paper_d44ee7c0da35
paper_d4587a86400b,abs_paper_d4587a86400b
paper_d4b5ce38d556,abs_paper_d4b5ce38d556
paper_d4e55f9da47e,abs_paper_d4e55f9da47e
paper_d4ec2e3bdb4b,abs_paper_d4ec2e3bdb4b
paper_d518b54593cf,abs_paper_d518b54593cf
paper_d562f2fe046b,abs_paper_d562f2fe046b
paper_d5b0d65a01d1,abs_paper_d5b0d65a01d1
paper_d5dc66851241,abs_paper_d5dc66851241
paper_d60e10033855,abs_paper_d60e10033855
paper_d66e65b59a78,abs_paper_d66e65b59a78
paper_d66f871f3c93,abs_paper_d66f871f3c93
paper_d681e22545bf,abs_paper_d681e22545bf
paper_d6e7935485d6,abs_paper_d6e7935485d6
paper_d6fca931ac39,abs_paper_d6fca931ac39
paper_d70219b1e488,abs_paper_d70219b1e488
paper_d72570e88b8b,abs_paper_d72570e88b8b
paper_d727e08a6b32,abs_paper_d727e08a6b32
paper_d731669f174d,abs_paper_d731669f174d
paper_d75a7a2d3752,abs_paper_d75a7a2d3752
paper_d77e9a097d5b,abs_paper_d77e9a097d5b
paper_d7951118457c,abs_paper_d7951118457c
paper_d7b11d88581e,abs_paper_d7b11d88581e
paper_d7f190e74288,abs_paper_d7f190e74288
paper_d7f6cbc570dd,abs_paper_d7f6cbc570dd
paper_d84946386ac6,abs_paper_d84946386ac6
paper_d85b0590f5e3,abs_paper_d85b0590f5e3
paper_d85fc5bb9fe6,abs_paper_d85fc5bb9fe6
paper_d88b80114d82,abs_paper_d88b80114d82
paper_d8caddb52da6,abs_paper_d8caddb52da6
paper_d918d38dc118,abs_paper_d918d38dc118
paper_d93ea8de66e2,abs_paper_d93ea8de66e2
paper_d974eba8865e,abs_paper_d974eba8865e
paper_d9f04b9e431d,abs_paper_d9f04b9e431d
paper_d9f316b18774,abs_paper_d9f316b18774
paper_da1fef51ac5c,abs_paper_da1fef51ac5c
paper_da200d57bbd4,abs_paper_da200d57bbd4
paper_da6040ffc3a4,abs_paper_da6040ffc3a4
paper_dab599d24859,abs_paper_dab599d24859
paper_db8dc8abf45d,abs_paper_db8dc8abf45d
paper_dbaac32fe497,abs_paper_dbaac32fe497
paper_dbde76cab8b6,abs_paper_dbde76cab8b6
paper_dbf05fcdecf1,abs_paper_dbf05fcdecf1
paper_dca15e0178c0,abs_paper_dca15e0178c0
paper_dd09e87819e9,abs_paper_dd09e87819e9
paper_dd0ab9267c7c,abs_paper_dd0ab9267c7c
paper_dd38c40b2411,abs_paper_dd38c40b2411
paper_dd684bb6e16f,abs_paper_dd684bb6e16f
paper_dda752114864,abs_paper_dda752114864
paper_dddfe3e6c075,abs_paper_dddfe3e6c075
paper_de5fc98d1474,abs_paper_de5fc98d1474
paper_de6c9c2084f0,abs_paper_de6c9c2084f0
paper_de96a9966b82,abs_paper_de96a9966b82
paper_de9b8d33d787,abs_paper_de9b8d33d787
paper_df878c07ed10,abs_paper_df878c07ed10
paper_dfbcf82859e3,abs_paper_dfbcf82859e3
paper_dfc0a9fb341e,abs_paper_dfc0a9fb341e
paper_dfc60c53d9ac,abs_paper_dfc60c53d9ac
paper_e0a0aa738ef4,abs_paper_e0a0aa738ef4
paper_e0c9f8d875c3,abs_paper_e0c9f8d875c3
paper_e1375ca1a3d6,abs_paper_e1375ca1a3d6
paper_e141017c81a9,abs_paper_e141017c81a9
paper_e188d1dff9ae,abs_paper_e188d1dff9ae
paper_e1a4071f7583,abs_paper_e1a4071f7583
paper_e208cbd46e6d,abs_paper_e208cbd46e6d
paper_e23a3c558726,abs_paper_e23a3c558726
paper_e247ba791275,abs_paper_e247ba791275
paper_e2781ea3b003,abs_paper_e2781ea3b003
paper_e28c1e637eaf,abs_paper_e28c1e637eaf
paper_e2cc7ff7e015,abs_paper_e2cc7ff7e015
paper_e3553b086696,abs_paper_e3553b086696
paper_e3ab74045bf1,abs_paper_e3ab74045bf1
paper_e3c859b82392,abs_paper_e3c859b82392
paper_e3e21266e325,abs_paper_e3e21266e325
paper_e427649d2c3e,abs_paper_e427649d2c3e
paper_e445491d298d,abs_paper_e445491d298d
paper_e487ca890a40,abs_paper_e487ca890a40
paper_e4f2486bbd5b,abs_paper_e4f2486bbd5b
paper_e53cb1fa5989,abs_paper_e53cb1fa5989
paper_e54a95972523,abs_paper_e54a95972523
paper_e577adc42e0f,abs_paper_e577adc42e0f
paper_e5d60b88dfe7,abs_paper_e5d60b88dfe7
paper_e5dc0c707781,abs_paper_e5dc0c707781
paper_e5ed000d0913,abs_paper_e5ed000d0913
paper_e61ddaa7bafc,abs_paper_e61ddaa7bafc
paper_e61f91ab595d,abs_paper_e61f91ab595d
paper_e621369baa86,abs_paper_e621369baa86
paper_e67686dc756d,abs_paper_e67686dc756d
paper_e6c22c5dddbe,abs_paper_e6c22c5dddbe
paper_e6d336d47c69,abs_paper_e6d336d47c69
paper_e70429381515,abs_paper_e70429381515
paper_e75c3f1ea23e,abs_paper_e75c3f1ea23e
paper_e7b45eae0a6e,abs_paper_e7b45eae0a6e
paper_e865a3c8e90e,abs_paper_e865a3c8e90e
paper_e874845ac06d,abs_paper_e874845ac06d
paper_e888b41956a9,abs_paper_e888b41956a9
paper_e8d4e31a61ce,abs_paper_e8d4e31a61ce
paper_e8e5e3538eed,abs_paper_e8e5e3538eed
paper_e9685478faef,abs_paper_e9685478faef
paper_e9b7b0e2e70c,abs_paper_e9b7b0e2e70c
paper_e9fe059e086f,abs_paper_e9fe059e086f
paper_ea24290ac80c,abs_paper_ea24290ac80c
paper_ea2d4e55fd8c,abs_paper_ea2d4e55fd8c
paper_ea8ac0e2ba6e,abs_paper_ea8ac0e2ba6e
paper_eb21f44ebd3f,abs_paper_eb21f44ebd3f
paper_ebcf973b5108,abs_paper_ebcf973b5108
paper_ebf40466cfeb,abs_paper_ebf40466cfeb
paper_ec21d319da61,abs_paper_ec21d319da61
paper_ec594e8f6212,abs_paper_ec594e8f6212
paper_ec74b4d33fc5,abs_paper_ec74b4d33fc5
paper_ecbd09969f3a,abs_paper_ecbd09969f3a
paper_ecd8ac968da9,abs_paper_ecd8ac968da9
paper_ed07c60f4c8c,abs_paper_ed07c60f4c8c
paper_ed54bda24961,abs_paper_ed54bda24961
paper_ed5c69fdc7ee,abs_paper_ed5c69fdc7ee
paper_edb2a7a850c8,abs_paper_edb2a7a850c8
paper_edd88188c201,abs_paper_edd88188c201
paper_edf954318b34,abs_paper_edf954318b34
paper_ee38c56ed374,abs_paper_ee38c56ed374
paper_ee8072aa9137,abs_paper_ee8072aa9137
paper_ef243c2d3ae2,abs_paper_ef243c2d3ae2
paper_ef465905a91e,abs_paper_ef465905a91e
paper_eff09aeb5839,abs_paper_eff09aeb5839
paper_effbf762d23c,abs_paper_effbf762d23c
paper_f019e0493996,abs_paper_f019e0493996
paper_f05a4b8929dc,abs_paper_f05a4b8929dc
paper_f0677fea8ae6,abs_paper_f0677fea8ae6
paper_f11483480aec,abs_paper_f11483480aec
paper_f1341e4e13ba,abs_paper_f1341e4e13ba
paper_f14538360849,abs_paper_f14538360849
paper_f1a505a1fec5,abs_paper_f1a505a1fec5
paper_f1a68cb6a61d,abs_paper_f1a68cb6a61d
paper_f1bf28225968,abs_paper_f1bf28225968
paper_f1c7363718db,abs_paper_f1c7363718db
paper_f230000f018b,abs_paper_f230000f018b
paper_f232a3e4cead,abs_paper_f232a3e4cead
paper_f27e023169c1,abs_paper_f27e023169c1
paper_f348037dd3e4,abs_paper_f348037dd3e4
paper_f3721ef6e522,abs_paper_f3721ef6e522
paper_f39c59626cd2,abs_paper_f39c59626cd2
paper_f3a3b8f907c7,abs_paper_f3a3b8f907c7
paper_f3ca222deba3,abs_paper_f3ca222deba3
paper_f3f167eb1ede,abs_paper_f3f167eb1ede
paper_f41c9ffa2853,abs_paper_f41c9ffa2853
paper_f43bab885548,abs_paper_f43bab885548
paper_f47841fdf091,abs_paper_f47841fdf091
paper_f4e654929085,abs_paper_f4e654929085
paper_f50c365d01f6,abs_paper_f50c365d01f6
paper_f516c3cb4ab4,abs_paper_f516c3cb4ab4
paper_f56abbe55314,abs_paper_f56abbe55314
paper_f6174eed9ef6,abs_paper_f6174eed9ef6
paper_f64571c6b4b4,abs_paper_f64571c6b4b4
paper_f67ca53febc6,abs_paper_f67ca53febc6
paper_f790068f4453,abs_paper_f790068f4453
paper_f81a078b9dd9,abs_paper_f81a078b9dd9
paper_f8f6ead77964,abs_paper_f8f6ead77964
paper_f967f4e8a6a5,abs_paper_f967f4e8a6a5
paper_f9bae64f4418,abs_paper_f9bae64f4418
paper_f9f73795f1a6,abs_paper_f9f73795f1a6
paper_f9f7f32f4152,abs_paper_f9f7f32f4152
paper_f9fbe874821c,abs_paper_f9fbe874821c
paper_fa6ea0e7b6d6,abs_paper_fa6ea0e7b6d6
paper_fa757ff15e95,abs_paper_fa757ff15e95
paper_fa97c0963062,abs_paper_fa97c0963062
paper_faa0ce84cd0f,abs_paper_faa0ce84cd0f
paper_faf26641b6af,abs_paper_faf26641b6af
paper_fb07ea59c04d,abs_paper_fb07ea59c04d
paper_fb0a22bdf796,abs_paper_fb0a22bdf796
paper_fb7b7a9397e3,abs_paper_fb7b7a9397e3
paper_fba0c0b12bb1,abs_paper_fba0c0b12bb1
paper_fc0a5a2281f3,abs_paper_fc0a5a2281f3
paper_fc7e95ae7797,abs_paper_fc7e95ae7797
paper_fc98b9ffb3ab,abs_paper_fc98b9ffb3ab
paper_fca98728f73e,abs_paper_fca98728f73e
paper_fcca7b11381d,abs_paper_fcca7b11381d
paper_fd2caa8e69d3,abs_paper_fd2caa8e69d3
paper_fd6d0bab23fb,abs_paper_fd6d0bab23fb
paper_fd86519e3ddf,abs_paper_fd86519e3ddf
paper_fdbc0e0810f4,abs_paper_fdbc0e0810f4
paper_fdd1a500650c,abs_paper_fdd1a500650c
paper_fdd701d87f01,abs_paper_fdd701d87f01
paper_fe4b3314e91f,abs_paper_fe4b3314e91f
paper_fe77db95841a,abs_paper_fe77db95841a
paper_feaea6c4e6ce,abs_paper_feaea6c4e6ce
paper_fef78ee9ed74,abs_paper_fef78ee9ed74
paper_ff17246b8c8f,abs_paper_ff17246b8c8f
paper_ff2d45e6bd57,abs_paper_ff2d45e6bd57
paper_ff4d9dafd3d1,abs_paper_ff4d9dafd3d1
paper_ffbfc8dad628,abs_paper_ffbfc8dad628
paper_ffd8b3c9674a,abs_paper_ffd8b3c9674a
paper_ffdbaa2c9531,abs_paper_ffdbaa2c9531
